intent,precision,recall,f1,support
PLAY_MUSIC,0.9355,1.0,0.9667,58
WEATHER,1.0,1.0,1.0,52
TIME,1.0,1.0,1.0,53
LIGHT_ON,0.9636,0.9815,0.9725,54
LIGHT_OFF,1.0,1.0,1.0,58
PAUSE,0.9815,0.9636,0.9725,55
STOP,1.0,1.0,1.0,54
NEXT,1.0,1.0,1.0,59
VOLUME_UP,0.9833,1.0,0.9916,59
VOLUME_DOWN,1.0,0.9808,0.9903,52
CALL,1.0,0.9444,0.9714,54
MESSAGE,1.0,1.0,1.0,57
LIST_REMINDERS,0.9649,0.9649,0.9649,57
TIMER,1.0,1.0,1.0,176
ALARM,0.9943,1.0,0.9971,173
TEMPERATURE,1.0,1.0,1.0,180
BRIGHTNESS,1.0,1.0,1.0,180
COLOR,1.0,0.9913,0.9957,231
CREATE_REMINDER,0.9889,0.9889,0.9889,180
