keyword,precision,recall,f1,support
play,0.939,0.9872,0.9625,78
music,0.9915,1.0,0.9957,117
next,0.9672,1.0,0.9833,59
pause,0.9815,0.9636,0.9725,55
stop,0.9818,1.0,0.9908,54
volume,0.9652,1.0,0.9823,111
up,0.975,1.0,0.9873,117
down,0.9455,1.0,0.972,52
lights,0.9927,1.0,0.9963,272
on,0.9636,0.9815,0.9725,54
off,0.9831,1.0,0.9915,58
call,0.963,0.963,0.963,54
message,1.0,1.0,1.0,57
reminder,1.0,1.0,1.0,237
timer,1.0,1.0,1.0,176
alarm,0.9943,1.0,0.9971,173
temperature,1.0,1.0,1.0,180
brightness,1.0,1.0,1.0,180
color,1.0,0.9859,0.9929,71
time,1.0,1.0,1.0,53
weather,1.0,1.0,1.0,52
10 seconds,1.0,1.0,1.0,60
30 seconds,0.9836,1.0,0.9917,60
1 minute,0.9655,1.0,0.9825,56
4 am,1.0,1.0,1.0,59
8 am,1.0,1.0,1.0,56
9 pm,1.0,1.0,1.0,58
18 degrees,0.9677,1.0,0.9836,60
22 degrees,0.9836,1.0,0.9917,60
26 degrees,1.0,1.0,1.0,60
20 percent,0.9836,1.0,0.9917,60
60 percent,1.0,1.0,1.0,60
100 percent,1.0,1.0,1.0,60
red,0.9649,1.0,0.9821,55
blue,1.0,1.0,1.0,60
green,1.0,1.0,1.0,58
yellow,0.9831,1.0,0.9915,58
drink water,0.9836,1.0,0.9917,60
study,1.0,0.9667,0.9831,60
exercise,1.0,1.0,1.0,60
