threshold,tpr,far
0.01,1.0,0.024685
0.015,1.0,0.020483
0.02,1.0,0.018382
0.025,1.0,0.017332
0.03,1.0,0.014181
0.035,1.0,0.01313
0.04,1.0,0.012605
0.045,1.0,0.010504
0.05,1.0,0.009979
0.055,1.0,0.009454
0.06,1.0,0.009454
0.065,1.0,0.009454
0.07,1.0,0.008403
0.075,0.99943,0.008403
0.08,0.99943,0.008403
0.085,0.99943,0.007353
0.09,0.99943,0.006303
0.095,0.99943,0.006303
0.1,0.99943,0.005777
0.105,0.99943,0.005777
0.11,0.99943,0.005777
0.115,0.99943,0.005777
0.12,0.99943,0.005777
0.125,0.99943,0.005777
0.13,0.99943,0.005777
0.135,0.99943,0.005252
0.14,0.99943,0.005252
0.145,0.99943,0.005252
0.15,0.99943,0.005252
0.155,0.99943,0.004727
0.16,0.99943,0.004727
0.165,0.99943,0.004727
0.17,0.99886,0.004727
0.175,0.99886,0.004727
0.18,0.99886,0.004727
0.185,0.99886,0.004727
0.19,0.99886,0.004727
0.195,0.99886,0.004727
0.2,0.99886,0.004202
0.205,0.99886,0.004202
0.21,0.99886,0.004202
0.215,0.99886,0.004202
0.22,0.99886,0.004202
0.225,0.99886,0.004202
0.23,0.99886,0.004202
0.235,0.99886,0.004202
0.24,0.99886,0.003676
0.245,0.99829,0.003676
0.25,0.99829,0.003676
0.255,0.99829,0.003676
0.26,0.99829,0.003676
0.265,0.99829,0.003676
0.27,0.99829,0.003676
0.275,0.99772,0.003676
0.28,0.99772,0.003676
0.285,0.99772,0.003676
0.29,0.99772,0.003676
0.295,0.99772,0.003676
0.3,0.99772,0.003676
0.305,0.99772,0.003676
0.31,0.99772,0.003676
0.315,0.99772,0.003676
0.32,0.99772,0.003676
0.325,0.99772,0.003676
0.33,0.99772,0.003676
0.335,0.99772,0.003676
0.34,0.99772,0.003676
0.345,0.99772,0.003676
0.35,0.99772,0.003676
0.355,0.99772,0.003676
0.36,0.99772,0.003676
0.365,0.99772,0.003676
0.37,0.99715,0.003676
0.375,0.99715,0.003676
0.38,0.99715,0.003151
0.385,0.99715,0.003151
0.39,0.99715,0.003151
0.395,0.99715,0.003151
0.4,0.99715,0.003151
0.405,0.99715,0.003151
0.41,0.99715,0.003151
0.415,0.99715,0.003151
0.42,0.99715,0.003151
0.425,0.99715,0.003151
0.43,0.99715,0.003151
0.435,0.99715,0.003151
0.44,0.99715,0.003151
0.445,0.99715,0.003151
0.45,0.99715,0.003151
0.455,0.99715,0.003151
0.46,0.99715,0.003151
0.465,0.99715,0.003151
0.47,0.99715,0.003151
0.475,0.99715,0.003151
0.48,0.99715,0.003151
0.485,0.99715,0.003151
0.49,0.99715,0.003151
0.495,0.99715,0.003151
0.5,0.99715,0.003151
0.505,0.99715,0.003151
0.51,0.99715,0.003151
0.515,0.99715,0.003151
0.52,0.99715,0.003151
0.525,0.99715,0.003151
0.53,0.99715,0.003151
0.535,0.99715,0.003151
0.54,0.99715,0.003151
0.545,0.99715,0.003151
0.55,0.99715,0.003151
0.555,0.99715,0.003151
0.56,0.99715,0.003151
0.565,0.99715,0.003151
0.57,0.99658,0.003151
0.575,0.99658,0.003151
0.58,0.99658,0.003151
0.585,0.99658,0.003151
0.59,0.99658,0.002101
0.595,0.99658,0.002101
0.6,0.99658,0.002101
0.605,0.99658,0.002101
0.61,0.99658,0.002101
0.615,0.99658,0.002101
0.62,0.99658,0.002101
0.625,0.99658,0.002101
0.63,0.99658,0.002101
0.635,0.99601,0.002101
0.64,0.99601,0.002101
0.645,0.99601,0.002101
0.65,0.99601,0.002101
0.655,0.99601,0.002101
0.66,0.99601,0.002101
0.665,0.99601,0.002101
0.67,0.99601,0.002101
0.675,0.99601,0.002101
0.68,0.99601,0.002101
0.685,0.99601,0.002101
0.69,0.99601,0.002101
0.695,0.99601,0.002101
0.7,0.99601,0.002101
0.705,0.99544,0.002101
0.71,0.99544,0.002101
0.715,0.99544,0.002101
0.72,0.99544,0.002101
0.725,0.99544,0.002101
0.73,0.99544,0.002101
0.735,0.99544,0.002101
0.74,0.99544,0.002101
0.745,0.99544,0.002101
0.75,0.99544,0.002101
0.755,0.99544,0.002101
0.76,0.99544,0.002101
0.765,0.99544,0.002101
0.77,0.99544,0.002101
0.775,0.99544,0.002101
0.78,0.99544,0.002101
0.785,0.99544,0.002101
0.79,0.99544,0.002101
0.795,0.99544,0.002101
0.8,0.99544,0.002101
0.805,0.99544,0.002101
0.81,0.99544,0.002101
0.815,0.99544,0.001576
0.8194,0.99544,0.00105
0.82,0.99544,0.00105
0.825,0.99544,0.00105
0.83,0.99544,0.00105
0.835,0.99544,0.00105
0.84,0.99544,0.000525
0.845,0.99544,0.000525
0.85,0.99544,0.000525
0.855,0.99544,0.000525
0.86,0.99544,0.000525
0.865,0.99544,0.0
0.87,0.99544,0.0
0.875,0.99544,0.0
0.88,0.99544,0.0
0.885,0.99544,0.0
0.89,0.99544,0.0
0.895,0.99544,0.0
0.9,0.99544,0.0
0.905,0.9943,0.0
0.91,0.9943,0.0
0.915,0.9943,0.0
0.92,0.9943,0.0
0.925,0.9943,0.0
0.93,0.9943,0.0
0.935,0.99373,0.0
0.94,0.99373,0.0
0.945,0.99316,0.0
0.95,0.99316,0.0
0.955,0.99259,0.0
0.96,0.99259,0.0
0.965,0.99202,0.0
0.97,0.99145,0.0
0.975,0.98974,0.0
0.98,0.98689,0.0
0.985,0.98347,0.0
0.99,0.97834,0.0
