epoch,train_loss,val_loss,intent_acc,slot_acc_all,slot_acc_relevant,lr,seconds
1,4.087851,3.858962,0.1824,0.404267,0.0,3.140e-04,5.11
2,3.564202,3.267719,0.263467,0.442667,0.07162,8.438e-04,3.05
3,3.138684,2.982912,0.321067,0.4608,0.085049,1.567e-03,3.07
4,2.773853,2.465153,0.488533,0.5376,0.207699,2.288e-03,3.18
5,2.153433,1.534465,0.693867,0.6352,0.399284,2.813e-03,3.05
6,1.346903,0.961596,0.819733,0.777067,0.672337,3.000e-03,3.05
7,0.85639,0.552172,0.930667,0.853867,0.768129,2.997e-03,3.11
8,0.578292,0.405444,0.940267,0.886933,0.809311,2.990e-03,3.16
9,0.408119,0.232054,0.9696,0.9328,0.888093,2.977e-03,3.22
10,0.31464,0.235659,0.964267,0.9248,0.878245,2.959e-03,3.21
11,0.244953,0.166908,0.977067,0.946667,0.910474,2.937e-03,3.12
12,0.201606,0.135608,0.976533,0.965333,0.944494,2.909e-03,3.07
13,0.161992,0.113737,0.9824,0.976,0.959714,2.877e-03,3.15
14,0.146479,0.090158,0.982933,0.980267,0.972247,2.840e-03,3.15
15,0.126464,0.095738,0.983467,0.980267,0.966876,2.798e-03,3.22
16,0.111933,0.097465,0.9808,0.9808,0.968666,2.752e-03,3.2
17,0.097235,0.110063,0.980267,0.976,0.962399,2.702e-03,3.15
18,0.083192,0.081494,0.986667,0.9776,0.963295,2.648e-03,3.26
19,0.074353,0.076107,0.985067,0.981333,0.971352,2.590e-03,3.18
20,0.062487,0.060989,0.9888,0.985067,0.976723,2.528e-03,3.09
21,0.060974,0.081349,0.984,0.986667,0.985676,2.463e-03,3.07
22,0.056855,0.064945,0.987733,0.987733,0.978514,2.395e-03,3.14
23,0.053543,0.069742,0.9872,0.980267,0.971352,2.323e-03,3.14
24,0.047626,0.069745,0.987733,0.983467,0.974038,2.249e-03,3.08
25,0.042688,0.061253,0.990933,0.983467,0.979409,2.172e-03,3.12
26,0.045523,0.063219,0.989867,0.981333,0.973142,2.093e-03,3.12
27,0.034333,0.057164,0.987733,0.985067,0.975828,2.012e-03,3.11
28,0.034336,0.049823,0.9904,0.987733,0.9812,1.929e-03,3.12
29,0.028524,0.04472,0.993067,0.987733,0.9812,1.844e-03,3.1
30,0.026265,0.05653,0.990933,0.986667,0.978514,1.759e-03,3.07
31,0.02595,0.060367,0.990933,0.985067,0.979409,1.673e-03,3.16
32,0.029042,0.047744,0.991467,0.989333,0.985676,1.586e-03,3.14
33,0.025991,0.066753,0.9872,0.980267,0.969561,1.498e-03,3.21
34,0.022177,0.050229,0.9904,0.988267,0.987466,1.411e-03,3.27
35,0.022118,0.048234,0.990933,0.987733,0.985676,1.324e-03,3.27
36,0.020853,0.07032,0.989333,0.986133,0.975828,1.238e-03,3.17
37,0.022435,0.038713,0.993067,0.989333,0.986571,1.153e-03,3.22
38,0.020231,0.036652,0.9936,0.988267,0.985676,1.068e-03,3.28
39,0.018701,0.043388,0.9952,0.986667,0.984781,9.855e-04,3.3
40,0.017277,0.052404,0.989867,0.987733,0.980304,9.045e-04,3.2
41,0.015517,0.043624,0.9936,0.989867,0.988362,8.254e-04,3.25
42,0.016727,0.042772,0.992,0.989333,0.987466,7.487e-04,3.12
43,0.012321,0.034024,0.9952,0.992533,0.989257,6.745e-04,3.11
44,0.01316,0.038702,0.992,0.989867,0.987466,6.030e-04,3.14
45,0.011725,0.039186,0.994133,0.989333,0.983885,5.347e-04,3.23
46,0.010276,0.035749,0.994667,0.989867,0.986571,4.695e-04,3.15
47,0.011272,0.035714,0.9952,0.992,0.990152,4.079e-04,3.14
48,0.009483,0.038278,0.994133,0.992533,0.987466,3.500e-04,3.07
49,0.010742,0.0363,0.994667,0.9904,0.986571,2.959e-04,3.12
50,0.010734,0.032831,0.995733,0.9904,0.989257,2.459e-04,3.07
51,0.010593,0.037703,0.9936,0.991467,0.988362,2.002e-04,3.1
52,0.009191,0.03419,0.994667,0.991467,0.988362,1.589e-04,3.12
53,0.009191,0.03366,0.994133,0.993067,0.991047,1.221e-04,3.07
54,0.009113,0.034914,0.994133,0.9904,0.987466,8.995e-05,3.21
55,0.008563,0.036287,0.994133,0.990933,0.988362,6.259e-05,3.16
56,0.007845,0.035631,0.994667,0.991467,0.988362,4.009e-05,3.15
57,0.008634,0.035728,0.994667,0.992,0.989257,2.254e-05,3.11
58,0.010682,0.0355,0.994667,0.992,0.989257,9.977e-06,3.13
59,0.009595,0.035322,0.994133,0.992,0.989257,2.462e-06,3.11
60,0.009091,0.03532,0.994133,0.992,0.989257,1.278e-08,3.16
