epoch,train_loss,val_loss,intent_acc,slot_acc,exact_match,macro_f1,lr,seconds
1,1.322453,1.288671,0.119612,0.033944,0.0,0.126391,3.140e-04,4.82
2,1.183668,1.082276,0.146552,0.038254,0.0,0.15508,8.438e-04,3.39
3,0.997971,0.932543,0.166487,0.056034,0.0,0.220742,1.567e-03,3.17
4,0.827231,0.71784,0.240302,0.211746,0.000539,0.274384,2.288e-03,3.14
5,0.642543,0.538695,0.384698,0.341595,0.004849,0.368087,2.813e-03,3.15
6,0.459866,0.347305,0.591056,0.496228,0.012392,0.481767,3.000e-03,3.14
7,0.319618,0.249593,0.677263,0.53125,0.048491,0.570176,2.997e-03,3.21
8,0.249502,0.202102,0.748922,0.617996,0.109914,0.645911,2.990e-03,3.23
9,0.198132,0.182656,0.795797,0.568427,0.170797,0.689639,2.977e-03,3.17
10,0.167597,0.146166,0.79903,0.65194,0.215517,0.715581,2.959e-03,3.13
11,0.141511,0.11658,0.850754,0.696121,0.349138,0.774194,2.937e-03,3.14
12,0.116439,0.110154,0.864224,0.689655,0.342672,0.775712,2.909e-03,3.14
13,0.101687,0.080756,0.889547,0.790948,0.460668,0.813506,2.877e-03,3.11
14,0.093371,0.086483,0.907866,0.821659,0.510237,0.835538,2.840e-03,3.18
15,0.086127,0.099125,0.902478,0.840517,0.560884,0.846248,2.798e-03,3.15
16,0.078513,0.078247,0.918103,0.862069,0.632543,0.875266,2.752e-03,3.14
17,0.065827,0.062558,0.932112,0.909483,0.70528,0.895778,2.702e-03,3.13
18,0.056458,0.079735,0.922414,0.911638,0.651401,0.87468,2.648e-03,3.17
19,0.055504,0.071932,0.952586,0.914871,0.780172,0.916362,2.590e-03,3.13
20,0.049699,0.067485,0.946121,0.931573,0.778017,0.918397,2.528e-03,3.12
21,0.045441,0.06279,0.949892,0.935345,0.799569,0.923763,2.463e-03,3.14
22,0.044505,0.05173,0.954741,0.960129,0.824353,0.931881,2.395e-03,3.14
23,0.043267,0.04492,0.96875,0.959591,0.849138,0.939876,2.323e-03,3.2
24,0.035386,0.065308,0.934806,0.952586,0.783405,0.916222,2.249e-03,3.15
25,0.034882,0.050753,0.963362,0.95097,0.849138,0.938069,2.172e-03,3.16
26,0.030334,0.044395,0.962284,0.965517,0.87931,0.956166,2.093e-03,3.14
27,0.027974,0.043777,0.970366,0.975754,0.904634,0.958346,2.012e-03,3.16
28,0.025742,0.041324,0.969828,0.967134,0.908944,0.961858,1.929e-03,3.18
29,0.025898,0.049476,0.966056,0.963901,0.895474,0.957501,1.844e-03,3.16
30,0.02604,0.054735,0.959052,0.970905,0.893319,0.954758,1.759e-03,3.16
31,0.025819,0.047682,0.966595,0.970366,0.898707,0.95942,1.673e-03,3.18
32,0.024744,0.039408,0.971444,0.97306,0.903017,0.960165,1.586e-03,3.15
33,0.021765,0.036805,0.963901,0.964978,0.88847,0.954729,1.498e-03,3.11
34,0.02116,0.039233,0.973599,0.983836,0.93319,0.97243,1.411e-03,3.16
35,0.017772,0.034247,0.971444,0.970366,0.900862,0.959221,1.324e-03,3.19
36,0.016474,0.033317,0.976293,0.98653,0.932112,0.974586,1.238e-03,3.19
37,0.015501,0.036066,0.974677,0.98222,0.932112,0.973247,1.153e-03,3.16
38,0.017446,0.036298,0.976293,0.981142,0.929957,0.971814,1.068e-03,3.18
39,0.015435,0.034051,0.977371,0.975754,0.932112,0.972402,9.855e-04,3.15
40,0.014699,0.043214,0.975754,0.975216,0.929957,0.969353,9.045e-04,3.17
41,0.014417,0.029187,0.983836,0.983297,0.94181,0.975087,8.254e-04,3.4
42,0.014308,0.033395,0.976832,0.980065,0.926724,0.968039,7.487e-04,3.22
43,0.012576,0.032548,0.981681,0.98653,0.94181,0.975445,6.745e-04,3.14
44,0.012613,0.038467,0.981142,0.982759,0.94181,0.974586,6.030e-04,3.13
45,0.01222,0.03281,0.981681,0.983836,0.943966,0.974539,5.347e-04,3.18
46,0.011771,0.038082,0.982759,0.982759,0.939116,0.97347,4.695e-04,3.26
47,0.011888,0.033109,0.987608,0.983297,0.951509,0.978147,4.079e-04,3.19
48,0.010602,0.034301,0.980065,0.984375,0.943966,0.974861,3.500e-04,3.18
49,0.010559,0.037464,0.978448,0.985453,0.94181,0.974755,2.959e-04,3.17
50,0.010048,0.034895,0.984914,0.985991,0.949353,0.9774,2.459e-04,3.19
51,0.008944,0.035739,0.985991,0.988147,0.956897,0.980916,2.002e-04,3.33
52,0.008541,0.034728,0.985991,0.988147,0.954203,0.979613,1.589e-04,3.15
53,0.009156,0.033481,0.981142,0.98222,0.945043,0.97543,1.221e-04,3.18
54,0.009111,0.035055,0.982759,0.985991,0.953125,0.979164,8.995e-05,3.32
55,0.00885,0.035826,0.98222,0.985453,0.953664,0.979359,6.259e-05,3.16
56,0.009021,0.037187,0.98222,0.984914,0.950431,0.977487,4.009e-05,3.2
57,0.008641,0.036395,0.981681,0.985991,0.95097,0.977926,2.254e-05,3.18
58,0.008571,0.036338,0.982759,0.985991,0.95097,0.978292,9.977e-06,3.17
59,0.00773,0.03653,0.983297,0.985991,0.952047,0.978559,2.462e-06,3.16
60,0.008971,0.036555,0.983297,0.985991,0.952047,0.978559,1.278e-08,3.25
