epoch,train_loss,val_loss,val_tpr,val_far,threshold,lr,seconds
1,0.872852,0.591012,0.004043,0.0011,0.604528,5.471e-04,10.01
2,0.720014,0.303771,0.177224,0.0011,0.717346,1.575e-03,1.82
3,0.532493,0.382794,0.698787,0.0011,0.364773,2.594e-03,1.96
4,0.466064,0.096268,0.840296,0.0011,0.740325,3.000e-03,1.78
5,0.281708,0.046581,0.954852,0.0011,0.918269,2.994e-03,1.78
6,0.199549,0.043911,0.8531,0.0011,0.963312,2.977e-03,1.93
7,0.15937,0.036028,0.949461,0.0011,0.961264,2.948e-03,1.82
8,0.125747,0.033406,0.956199,0.0011,0.719032,2.908e-03,1.79
9,0.113243,0.025824,0.962938,0.0011,0.782856,2.858e-03,1.82
10,0.100974,0.022511,0.942722,0.0011,0.899518,2.797e-03,1.77
11,0.061745,0.021,0.966981,0.0011,0.778292,2.727e-03,1.78
12,0.058295,0.039117,0.989892,0.0011,0.161931,2.647e-03,1.76
13,0.065573,0.030417,0.988544,0.0011,0.281014,2.558e-03,1.93
14,0.043343,0.036803,0.990566,0.0011,0.111198,2.462e-03,1.78
15,0.04301,0.016065,0.991914,0.0011,0.361587,2.358e-03,1.78
16,0.034915,0.042396,0.987871,0.0011,0.18146,2.247e-03,1.76
17,0.040252,0.009341,0.991914,0.0011,0.779307,2.131e-03,1.81
18,0.030308,0.007843,0.994609,0.0011,0.656258,2.010e-03,1.89
19,0.025462,0.014371,0.990566,0.0011,0.494878,1.885e-03,1.75
20,0.024814,0.009484,0.991914,0.0011,0.632692,1.757e-03,1.76
21,0.020474,0.007061,0.997305,0.0011,0.819386,1.627e-03,1.74
22,0.025367,0.008269,0.997305,0.0011,0.362415,1.497e-03,1.78
23,0.019363,0.005963,0.996631,0.0011,0.357119,1.366e-03,1.79
24,0.019054,0.013005,0.994609,0.0011,0.438884,1.236e-03,1.76
25,0.015894,0.011842,0.988544,0.0011,0.757791,1.108e-03,1.8
26,0.013905,0.01028,0.989892,0.0011,0.760701,9.837e-04,1.87
27,0.013352,0.009636,0.993261,0.0011,0.483047,8.630e-04,1.81
28,0.009616,0.009963,0.995957,0.0011,0.251555,7.470e-04,1.84
29,0.014989,0.022098,0.995283,0.0011,0.077954,6.368e-04,1.76
30,0.011195,0.008445,0.997305,0.0011,0.201261,5.332e-04,1.77
31,0.011066,0.009544,0.995283,0.0011,0.367588,4.369e-04,1.81
32,0.011399,0.00667,0.996631,0.0011,0.363323,3.487e-04,1.78
33,0.00871,0.010681,0.995283,0.0011,0.246221,2.693e-04,1.8
34,0.009037,0.015964,0.993935,0.0011,0.12568,1.993e-04,1.77
